Email,First Name,Last Name,Course ID,Grade,Marks
student0@mail.com,First0,Last0,103,D,56
student0@mail.com,First0,Last0,104,C,69
student0@mail.com,First0,Last0,101,A+,99
student0@mail.com,First0,Last0,102,F,42
student1@mail.com,First1,Last1,103,A+,91
student1@mail.com,First1,Last1,104,C,68
student1@mail.com,First1,Last1,102,D,51
student1@mail.com,First1,Last1,101,A,99
student2@mail.com,First2,Last2,104,B,75
student2@mail.com,First2,Last2,101,F,41
student2@mail.com,First2,Last2,103,D,55
student2@mail.com,First2,Last2,102,D,53
student3@mail.com,First3,Last3,101,A,86
student3@mail.com,First3,Last3,103,B,74
student3@mail.com,First3,Last3,104,F,48
student3@mail.com,First3,Last3,102,C,68
student4@mail.com,First4,Last4,101,C,61
student4@mail.com,First4,Last4,103,C,60
student4@mail.com,First4,Last4,104,F,40
student4@mail.com,First4,Last4,102,B,71
student5@mail.com,First5,Last5,102,B,71
student5@mail.com,First5,Last5,104,D,50
student5@mail.com,First5,Last5,103,A,80
student5@mail.com,First5,Last5,101,C,66
student6@mail.com,First6,Last6,102,B,77
student6@mail.com,First6,Last6,101,B,74
student6@mail.com,First6,Last6,103,C,69
student6@mail.com,First6,Last6,104,B,76
student7@mail.com,First7,Last7,101,D,56
student7@mail.com,First7,Last7,102,C,60
student7@mail.com,First7,Last7,104,F,48
student7@mail.com,First7,Last7,103,A+,91
student8@mail.com,First8,Last8,102,A,83
student8@mail.com,First8,Last8,101,A+,92
student8@mail.com,First8,Last8,104,A,80
student8@mail.com,First8,Last8,103,D,50
student9@mail.com,First9,Last9,101,C,61
student9@mail.com,First9,Last9,103,A,87
student9@mail.com,First9,Last9,102,D,52
student9@mail.com,First9,Last9,104,B,72
student10@mail.com,First10,Last10,102,D,59
student10@mail.com,First10,Last10,101,A+,99
student10@mail.com,First10,Last10,104,B,79
student10@mail.com,First10,Last10,103,A+,99
student11@mail.com,First11,Last11,102,A+,93
student11@mail.com,First11,Last11,101,D,52
student11@mail.com,First11,Last11,104,F,45
student11@mail.com,First11,Last11,103,F,41
student12@mail.com,First12,Last12,102,F,49
student12@mail.com,First12,Last12,103,A+,98
student12@mail.com,First12,Last12,104,F,44
student12@mail.com,First12,Last12,101,B,70
student13@mail.com,First13,Last13,102,C,62
student13@mail.com,First13,Last13,103,F,41
student13@mail.com,First13,Last13,104,C,66
student13@mail.com,First13,Last13,101,A,89
student14@mail.com,First14,Last14,102,B,79
student14@mail.com,First14,Last14,104,F,41
student14@mail.com,First14,Last14,103,A+,94
student14@mail.com,First14,Last14,101,A,88
student15@mail.com,First15,Last15,101,B,78
student15@mail.com,First15,Last15,104,A+,91
student15@mail.com,First15,Last15,102,A,81
student15@mail.com,First15,Last15,103,F,49
student16@mail.com,First16,Last16,102,A,89
student16@mail.com,First16,Last16,103,C,69
student16@mail.com,First16,Last16,101,A,83
student16@mail.com,First16,Last16,104,A+,93
student17@mail.com,First17,Last17,101,A+,98
student17@mail.com,First17,Last17,102,C,68
student17@mail.com,First17,Last17,104,C,62
student17@mail.com,First17,Last17,103,B,73
student18@mail.com,First18,Last18,102,A+,96
student18@mail.com,First18,Last18,101,A+,91
student18@mail.com,First18,Last18,104,A,80
student18@mail.com,First18,Last18,103,A+,94
student19@mail.com,First19,Last19,104,F,46
student19@mail.com,First19,Last19,102,A,89
student19@mail.com,First19,Last19,101,F,45
student19@mail.com,First19,Last19,103,A,87
student20@mail.com,First20,Last20,104,C,69
student20@mail.com,First20,Last20,103,F,41
student20@mail.com,First20,Last20,102,F,41
student20@mail.com,First20,Last20,101,A,82
student21@mail.com,First21,Last21,101,C,66
student21@mail.com,First21,Last21,102,B,74
student21@mail.com,First21,Last21,103,A+,100
student21@mail.com,First21,Last21,104,A+,94
student22@mail.com,First22,Last22,103,C,69
student22@mail.com,First22,Last22,101,A+,93
student22@mail.com,First22,Last22,104,A,85
student22@mail.com,First22,Last22,102,A,81
student23@mail.com,First23,Last23,101,A,80
student23@mail.com,First23,Last23,103,C,62
student23@mail.com,First23,Last23,104,D,57
student23@mail.com,First23,Last23,102,D,50
student24@mail.com,First24,Last24,101,C,67
student24@mail.com,First24,Last24,104,F,49
student24@mail.com,First24,Last24,103,C,64
student24@mail.com,First24,Last24,102,C,60
student25@mail.com,First25,Last25,104,B,77
student25@mail.com,First25,Last25,103,C,64
student25@mail.com,First25,Last25,102,A,85
student25@mail.com,First25,Last25,101,C,60
student26@mail.com,First26,Last26,104,C,68
student26@mail.com,First26,Last26,103,D,56
student26@mail.com,First26,Last26,101,B,73
student26@mail.com,First26,Last26,102,A+,91
student27@mail.com,First27,Last27,104,A+,94
student27@mail.com,First27,Last27,102,C,63
student27@mail.com,First27,Last27,101,F,40
student27@mail.com,First27,Last27,103,B,79
student28@mail.com,First28,Last28,104,F,40
student28@mail.com,First28,Last28,102,A+,94
student28@mail.com,First28,Last28,103,A,80
student28@mail.com,First28,Last28,101,F,46
student29@mail.com,First29,Last29,104,A,84
student29@mail.com,First29,Last29,103,F,42
student29@mail.com,First29,Last29,101,A+,92
student29@mail.com,First29,Last29,102,C,62
student30@mail.com,First30,Last30,102,A+,97
student30@mail.com,First30,Last30,104,A,84
student30@mail.com,First30,Last30,103,A+,93
student30@mail.com,First30,Last30,101,D,52
student31@mail.com,First31,Last31,102,B,70
student31@mail.com,First31,Last31,101,F,46
student31@mail.com,First31,Last31,104,F,48
student31@mail.com,First31,Last31,103,A+,98
student32@mail.com,First32,Last32,101,A+,99
student32@mail.com,First32,Last32,102,A,89
student32@mail.com,First32,Last32,104,A+,90
student32@mail.com,First32,Last32,103,D,51
student33@mail.com,First33,Last33,103,A+,92
student33@mail.com,First33,Last33,104,A+,92
student33@mail.com,First33,Last33,101,D,54
student33@mail.com,First33,Last33,102,F,49
student34@mail.com,First34,Last34,102,F,49
student34@mail.com,First34,Last34,103,F,45
student34@mail.com,First34,Last34,101,A,81
student34@mail.com,First34,Last34,104,F,40
student35@mail.com,First35,Last35,101,F,46
student35@mail.com,First35,Last35,102,D,59
student35@mail.com,First35,Last35,103,A+,90
student35@mail.com,First35,Last35,104,F,45
student36@mail.com,First36,Last36,104,A+,98
student36@mail.com,First36,Last36,101,F,42
student36@mail.com,First36,Last36,102,B,74
student36@mail.com,First36,Last36,103,B,76
student37@mail.com,First37,Last37,101,B,75
student37@mail.com,First37,Last37,104,D,56
student37@mail.com,First37,Last37,103,A+,91
student37@mail.com,First37,Last37,102,A+,94
student38@mail.com,First38,Last38,104,B,78
student38@mail.com,First38,Last38,102,A+,99
student38@mail.com,First38,Last38,103,A,85
student38@mail.com,First38,Last38,101,A,86
student39@mail.com,First39,Last39,103,F,40
student39@mail.com,First39,Last39,102,A+,94
student39@mail.com,First39,Last39,104,C,64
student39@mail.com,First39,Last39,101,F,42
student40@mail.com,First40,Last40,101,D,55
student40@mail.com,First40,Last40,103,B,74
student40@mail.com,First40,Last40,102,F,43
student40@mail.com,First40,Last40,104,A+,91
student41@mail.com,First41,Last41,101,B,73
student41@mail.com,First41,Last41,103,D,59
student41@mail.com,First41,Last41,102,B,74
student41@mail.com,First41,Last41,104,F,43
student42@mail.com,First42,Last42,103,C,68
student42@mail.com,First42,Last42,104,F,43
student42@mail.com,First42,Last42,101,A+,97
student42@mail.com,First42,Last42,102,F,44
student43@mail.com,First43,Last43,104,A,85
student43@mail.com,First43,Last43,103,D,51
student43@mail.com,First43,Last43,102,B,77
student43@mail.com,First43,Last43,101,D,57
student44@mail.com,First44,Last44,101,F,40
student44@mail.com,First44,Last44,104,A,81
student44@mail.com,First44,Last44,103,A,83
student44@mail.com,First44,Last44,102,D,58
student45@mail.com,First45,Last45,101,C,64
student45@mail.com,First45,Last45,104,A+,93
student45@mail.com,First45,Last45,102,C,68
student45@mail.com,First45,Last45,103,B,75
student46@mail.com,First46,Last46,102,C,66
student46@mail.com,First46,Last46,101,A,84
student46@mail.com,First46,Last46,103,A+,93
student46@mail.com,First46,Last46,104,F,46
student47@mail.com,First47,Last47,103,F,42
student47@mail.com,First47,Last47,104,F,42
student47@mail.com,First47,Last47,102,A+,98
student47@mail.com,First47,Last47,101,A+,98
student48@mail.com,First48,Last48,103,B,79
student48@mail.com,First48,Last48,102,C,64
student48@mail.com,First48,Last48,101,A+,90
student48@mail.com,First48,Last48,104,C,68
student49@mail.com,First49,Last49,102,C,62
student49@mail.com,First49,Last49,104,B,77
student49@mail.com,First49,Last49,101,D,53
student49@mail.com,First49,Last49,103,B,70
student50@mail.com,First50,Last50,103,D,52
student50@mail.com,First50,Last50,102,A,80
student50@mail.com,First50,Last50,104,B,77
student50@mail.com,First50,Last50,101,A+,90
student51@mail.com,First51,Last51,101,A+,100
student51@mail.com,First51,Last51,104,B,77
student51@mail.com,First51,Last51,103,A+,95
student51@mail.com,First51,Last51,102,A,80
student52@mail.com,First52,Last52,101,C,67
student52@mail.com,First52,Last52,102,A+,99
student52@mail.com,First52,Last52,103,C,63
student52@mail.com,First52,Last52,104,A+,90
student53@mail.com,First53,Last53,103,A+,90
student53@mail.com,First53,Last53,101,D,53
student53@mail.com,First53,Last53,104,D,51
student53@mail.com,First53,Last53,102,A+,100
student54@mail.com,First54,Last54,102,A,82
student54@mail.com,First54,Last54,104,A,89
student54@mail.com,First54,Last54,101,A,89
student54@mail.com,First54,Last54,103,B,71
student55@mail.com,First55,Last55,101,C,64
student55@mail.com,First55,Last55,103,B,77
student55@mail.com,First55,Last55,102,F,40
student55@mail.com,First55,Last55,104,D,55
student56@mail.com,First56,Last56,102,F,47
student56@mail.com,First56,Last56,101,C,61
student56@mail.com,First56,Last56,104,D,50
student56@mail.com,First56,Last56,103,D,50
student57@mail.com,First57,Last57,104,F,45
student57@mail.com,First57,Last57,103,A+,99
student57@mail.com,First57,Last57,102,A,86
student57@mail.com,First57,Last57,101,D,54
student58@mail.com,First58,Last58,102,A,81
student58@mail.com,First58,Last58,104,C,67
student58@mail.com,First58,Last58,103,A,87
student58@mail.com,First58,Last58,101,F,47
student59@mail.com,First59,Last59,104,B,75
student59@mail.com,First59,Last59,102,A+,92
student59@mail.com,First59,Last59,103,C,67
student59@mail.com,First59,Last59,101,F,41
student60@mail.com,First60,Last60,102,D,55
student60@mail.com,First60,Last60,101,D,59
student60@mail.com,First60,Last60,103,C,69
student60@mail.com,First60,Last60,104,A+,94
student61@mail.com,First61,Last61,104,C,66
student61@mail.com,First61,Last61,102,A+,91
student61@mail.com,First61,Last61,101,D,54
student61@mail.com,First61,Last61,103,D,57
student62@mail.com,First62,Last62,104,B,77
student62@mail.com,First62,Last62,101,C,66
student62@mail.com,First62,Last62,102,A,85
student62@mail.com,First62,Last62,103,A+,92
student63@mail.com,First63,Last63,102,A+,100
student63@mail.com,First63,Last63,104,A,81
student63@mail.com,First63,Last63,103,F,44
student63@mail.com,First63,Last63,101,A+,91
student64@mail.com,First64,Last64,103,A,84
student64@mail.com,First64,Last64,102,A,84
student64@mail.com,First64,Last64,104,D,54
student64@mail.com,First64,Last64,101,C,68
student65@mail.com,First65,Last65,102,A+,96
student65@mail.com,First65,Last65,104,D,51
student65@mail.com,First65,Last65,101,D,52
student65@mail.com,First65,Last65,103,C,67
student66@mail.com,First66,Last66,102,C,63
student66@mail.com,First66,Last66,101,A+,91
student66@mail.com,First66,Last66,103,A+,90
student66@mail.com,First66,Last66,104,D,59
student67@mail.com,First67,Last67,104,A+,94
student67@mail.com,First67,Last67,103,B,78
student67@mail.com,First67,Last67,101,C,67
student67@mail.com,First67,Last67,102,B,72
student68@mail.com,First68,Last68,101,F,44
student68@mail.com,First68,Last68,104,A,88
student68@mail.com,First68,Last68,103,B,73
student68@mail.com,First68,Last68,102,C,69
student69@mail.com,First69,Last69,104,A+,98
student69@mail.com,First69,Last69,102,A,84
student69@mail.com,First69,Last69,101,A+,99
student69@mail.com,First69,Last69,103,B,73
student70@mail.com,First70,Last70,104,A,86
student70@mail.com,First70,Last70,101,F,41
student70@mail.com,First70,Last70,102,B,74
student70@mail.com,First70,Last70,103,B,74
student71@mail.com,First71,Last71,103,D,51
student71@mail.com,First71,Last71,104,A,89
student71@mail.com,First71,Last71,102,A,80
student71@mail.com,First71,Last71,101,D,50
student72@mail.com,First72,Last72,104,A+,99
student72@mail.com,First72,Last72,101,D,54
student72@mail.com,First72,Last72,102,B,73
student72@mail.com,First72,Last72,103,A,89
student73@mail.com,First73,Last73,103,B,70
student73@mail.com,First73,Last73,104,D,56
student73@mail.com,First73,Last73,102,A,86
student73@mail.com,First73,Last73,101,B,73
student74@mail.com,First74,Last74,102,D,53
student74@mail.com,First74,Last74,103,B,73
student74@mail.com,First74,Last74,104,D,55
student74@mail.com,First74,Last74,101,F,45
student75@mail.com,First75,Last75,103,A+,94
student75@mail.com,First75,Last75,104,B,73
student75@mail.com,First75,Last75,101,A,82
student75@mail.com,First75,Last75,102,A,87
student76@mail.com,First76,Last76,103,D,51
student76@mail.com,First76,Last76,104,C,61
student76@mail.com,First76,Last76,102,A,88
student76@mail.com,First76,Last76,101,F,48
student77@mail.com,First77,Last77,103,A+,96
student77@mail.com,First77,Last77,104,A,82
student77@mail.com,First77,Last77,102,B,73
student77@mail.com,First77,Last77,101,A+,94
student78@mail.com,First78,Last78,102,D,51
student78@mail.com,First78,Last78,101,F,42
student78@mail.com,First78,Last78,103,A+,98
student78@mail.com,First78,Last78,104,A+,92
student79@mail.com,First79,Last79,104,F,45
student79@mail.com,First79,Last79,102,B,77
student79@mail.com,First79,Last79,101,C,68
student79@mail.com,First79,Last79,103,D,53
student80@mail.com,First80,Last80,103,D,54
student80@mail.com,First80,Last80,102,D,50
student80@mail.com,First80,Last80,101,B,71
student80@mail.com,First80,Last80,104,C,66
student81@mail.com,First81,Last81,104,C,68
student81@mail.com,First81,Last81,101,C,61
student81@mail.com,First81,Last81,103,B,74
student81@mail.com,First81,Last81,102,F,45
student82@mail.com,First82,Last82,103,C,66
student82@mail.com,First82,Last82,101,D,54
student82@mail.com,First82,Last82,104,B,79
student82@mail.com,First82,Last82,102,B,78
student83@mail.com,First83,Last83,103,A,82
student83@mail.com,First83,Last83,101,A+,93
student83@mail.com,First83,Last83,104,C,65
student83@mail.com,First83,Last83,102,A+,93
student84@mail.com,First84,Last84,101,D,53
student84@mail.com,First84,Last84,102,D,53
student84@mail.com,First84,Last84,104,F,48
student84@mail.com,First84,Last84,103,C,65
student85@mail.com,First85,Last85,102,A+,97
student85@mail.com,First85,Last85,101,C,61
student85@mail.com,First85,Last85,104,A,82
student85@mail.com,First85,Last85,103,F,49
student86@mail.com,First86,Last86,104,C,66
student86@mail.com,First86,Last86,103,B,75
student86@mail.com,First86,Last86,101,C,69
student86@mail.com,First86,Last86,102,A,89
student87@mail.com,First87,Last87,104,C,61
student87@mail.com,First87,Last87,101,A+,100
student87@mail.com,First87,Last87,103,B,72
student87@mail.com,First87,Last87,102,B,72
student88@mail.com,First88,Last88,102,D,53
student88@mail.com,First88,Last88,101,A,80
student88@mail.com,First88,Last88,103,A+,93
student88@mail.com,First88,Last88,104,C,69
student89@mail.com,First89,Last89,102,B,70
student89@mail.com,First89,Last89,103,A,89
student89@mail.com,First89,Last89,104,B,79
student89@mail.com,First89,Last89,101,C,64
student90@mail.com,First90,Last90,102,A+,99
student90@mail.com,First90,Last90,101,C,64
student90@mail.com,First90,Last90,104,C,63
student90@mail.com,First90,Last90,103,A,82
student91@mail.com,First91,Last91,103,D,50
student91@mail.com,First91,Last91,102,C,66
student91@mail.com,First91,Last91,101,A+,91
student91@mail.com,First91,Last91,104,F,44
student92@mail.com,First92,Last92,103,C,60
student92@mail.com,First92,Last92,104,C,63
student92@mail.com,First92,Last92,101,A+,95
student92@mail.com,First92,Last92,102,C,63
student93@mail.com,First93,Last93,102,B,75
student93@mail.com,First93,Last93,104,A,82
student93@mail.com,First93,Last93,103,D,59
student93@mail.com,First93,Last93,101,A+,99
student94@mail.com,First94,Last94,103,F,47
student94@mail.com,First94,Last94,101,F,40
student94@mail.com,First94,Last94,104,A,87
student94@mail.com,First94,Last94,102,B,74
student95@mail.com,First95,Last95,104,A,81
student95@mail.com,First95,Last95,101,F,46
student95@mail.com,First95,Last95,103,B,75
student95@mail.com,First95,Last95,102,B,74
student96@mail.com,First96,Last96,104,C,62
student96@mail.com,First96,Last96,101,B,79
student96@mail.com,First96,Last96,102,D,55
student96@mail.com,First96,Last96,103,F,48
student97@mail.com,First97,Last97,103,A,89
student97@mail.com,First97,Last97,101,D,58
student97@mail.com,First97,Last97,104,F,49
student97@mail.com,First97,Last97,102,A+,94
student98@mail.com,First98,Last98,103,A,89
student98@mail.com,First98,Last98,104,B,72
student98@mail.com,First98,Last98,102,D,54
student98@mail.com,First98,Last98,101,A,88
student99@mail.com,First99,Last99,103,A,85
student99@mail.com,First99,Last99,102,B,79
student99@mail.com,First99,Last99,104,F,46
student99@mail.com,First99,Last99,101,F,40
student100@mail.com,First100,Last100,102,D,51
student100@mail.com,First100,Last100,104,A,82
student100@mail.com,First100,Last100,103,A+,95
student100@mail.com,First100,Last100,101,C,60
student101@mail.com,First101,Last101,104,A,84
student101@mail.com,First101,Last101,101,D,58
student101@mail.com,First101,Last101,103,A+,94
student101@mail.com,First101,Last101,102,A+,99
student102@mail.com,First102,Last102,104,C,61
student102@mail.com,First102,Last102,101,F,42
student102@mail.com,First102,Last102,103,F,40
student102@mail.com,First102,Last102,102,B,76
student103@mail.com,First103,Last103,102,A,88
student103@mail.com,First103,Last103,103,A,83
student103@mail.com,First103,Last103,104,F,45
student103@mail.com,First103,Last103,101,A,85
student104@mail.com,First104,Last104,101,A,84
student104@mail.com,First104,Last104,102,A,84
student104@mail.com,First104,Last104,103,F,42
student104@mail.com,First104,Last104,104,C,68
student105@mail.com,First105,Last105,101,B,76
student105@mail.com,First105,Last105,103,A,80
student105@mail.com,First105,Last105,102,F,48
student105@mail.com,First105,Last105,104,A,89
student106@mail.com,First106,Last106,102,B,78
student106@mail.com,First106,Last106,103,A+,98
student106@mail.com,First106,Last106,104,D,50
student106@mail.com,First106,Last106,101,C,63
student107@mail.com,First107,Last107,102,F,41
student107@mail.com,First107,Last107,101,D,54
student107@mail.com,First107,Last107,104,D,56
student107@mail.com,First107,Last107,103,A,87
student108@mail.com,First108,Last108,104,A+,98
student108@mail.com,First108,Last108,103,A,82
student108@mail.com,First108,Last108,102,D,56
student108@mail.com,First108,Last108,101,A+,98
student109@mail.com,First109,Last109,104,C,60
student109@mail.com,First109,Last109,101,F,48
student109@mail.com,First109,Last109,102,D,58
student109@mail.com,First109,Last109,103,B,74
student110@mail.com,First110,Last110,101,F,49
student110@mail.com,First110,Last110,102,A,88
student110@mail.com,First110,Last110,103,D,58
student110@mail.com,First110,Last110,104,F,46
student111@mail.com,First111,Last111,102,A+,93
student111@mail.com,First111,Last111,101,D,53
student111@mail.com,First111,Last111,103,B,73
student111@mail.com,First111,Last111,104,C,67
student112@mail.com,First112,Last112,101,A,87
student112@mail.com,First112,Last112,103,F,49
student112@mail.com,First112,Last112,102,D,59
student112@mail.com,First112,Last112,104,A,89
student113@mail.com,First113,Last113,101,D,59
student113@mail.com,First113,Last113,103,A,82
student113@mail.com,First113,Last113,104,D,55
student113@mail.com,First113,Last113,102,B,71
student114@mail.com,First114,Last114,104,F,44
student114@mail.com,First114,Last114,103,D,52
student114@mail.com,First114,Last114,102,D,55
student114@mail.com,First114,Last114,101,C,64
student115@mail.com,First115,Last115,101,A,82
student115@mail.com,First115,Last115,102,A+,93
student115@mail.com,First115,Last115,104,B,77
student115@mail.com,First115,Last115,103,C,67
student116@mail.com,First116,Last116,103,C,69
student116@mail.com,First116,Last116,104,F,44
student116@mail.com,First116,Last116,102,F,43
student116@mail.com,First116,Last116,101,A+,100
student117@mail.com,First117,Last117,102,C,65
student117@mail.com,First117,Last117,101,A,88
student117@mail.com,First117,Last117,104,A+,93
student117@mail.com,First117,Last117,103,D,53
student118@mail.com,First118,Last118,104,A+,91
student118@mail.com,First118,Last118,102,B,74
student118@mail.com,First118,Last118,101,F,46
student118@mail.com,First118,Last118,103,C,64
student119@mail.com,First119,Last119,103,A,85
student119@mail.com,First119,Last119,101,A,88
student119@mail.com,First119,Last119,102,F,48
student119@mail.com,First119,Last119,104,A,82
student120@mail.com,First120,Last120,101,D,58
student120@mail.com,First120,Last120,103,A+,91
student120@mail.com,First120,Last120,104,B,72
student120@mail.com,First120,Last120,102,A,84
student121@mail.com,First121,Last121,103,C,61
student121@mail.com,First121,Last121,104,C,60
student121@mail.com,First121,Last121,102,B,70
student121@mail.com,First121,Last121,101,B,70
student122@mail.com,First122,Last122,103,F,46
student122@mail.com,First122,Last122,102,C,69
student122@mail.com,First122,Last122,104,C,63
student122@mail.com,First122,Last122,101,B,71
student123@mail.com,First123,Last123,101,D,54
student123@mail.com,First123,Last123,103,B,71
student123@mail.com,First123,Last123,104,D,51
student123@mail.com,First123,Last123,102,C,63
student124@mail.com,First124,Last124,103,B,75
student124@mail.com,First124,Last124,102,F,41
student124@mail.com,First124,Last124,101,A+,96
student124@mail.com,First124,Last124,104,D,50
student125@mail.com,First125,Last125,101,F,45
student125@mail.com,First125,Last125,103,A,81
student125@mail.com,First125,Last125,104,D,51
student125@mail.com,First125,Last125,102,A,88
student126@mail.com,First126,Last126,102,A,85
student126@mail.com,First126,Last126,101,A,80
student126@mail.com,First126,Last126,103,A,85
student126@mail.com,First126,Last126,104,A+,96
student127@mail.com,First127,Last127,101,D,50
student127@mail.com,First127,Last127,103,F,44
student127@mail.com,First127,Last127,102,D,55
student127@mail.com,First127,Last127,104,C,64
student128@mail.com,First128,Last128,104,B,79
student128@mail.com,First128,Last128,101,A+,97
student128@mail.com,First128,Last128,103,A+,91
student128@mail.com,First128,Last128,102,B,74
student129@mail.com,First129,Last129,104,A,87
student129@mail.com,First129,Last129,101,A+,95
student129@mail.com,First129,Last129,102,A+,93
student129@mail.com,First129,Last129,103,A+,96
student130@mail.com,First130,Last130,102,F,41
student130@mail.com,First130,Last130,104,B,77
student130@mail.com,First130,Last130,103,A,85
student130@mail.com,First130,Last130,101,F,41
student131@mail.com,First131,Last131,104,A,88
student131@mail.com,First131,Last131,101,F,49
student131@mail.com,First131,Last131,102,D,53
student131@mail.com,First131,Last131,103,F,41
student132@mail.com,First132,Last132,101,D,58
student132@mail.com,First132,Last132,104,A+,91
student132@mail.com,First132,Last132,102,F,42
student132@mail.com,First132,Last132,103,A,84
student133@mail.com,First133,Last133,103,B,77
student133@mail.com,First133,Last133,101,A,84
student133@mail.com,First133,Last133,104,C,67
student133@mail.com,First133,Last133,102,C,69
student134@mail.com,First134,Last134,101,F,49
student134@mail.com,First134,Last134,104,D,57
student134@mail.com,First134,Last134,102,D,55
student134@mail.com,First134,Last134,103,B,76
student135@mail.com,First135,Last135,103,A,81
student135@mail.com,First135,Last135,104,F,41
student135@mail.com,First135,Last135,101,A,80
student135@mail.com,First135,Last135,102,A+,90
student136@mail.com,First136,Last136,104,A+,93
student136@mail.com,First136,Last136,101,A+,100
student136@mail.com,First136,Last136,102,B,79
student136@mail.com,First136,Last136,103,B,70
student137@mail.com,First137,Last137,102,A+,93
student137@mail.com,First137,Last137,101,A,85
student137@mail.com,First137,Last137,103,A+,97
student137@mail.com,First137,Last137,104,D,52
student138@mail.com,First138,Last138,101,A,83
student138@mail.com,First138,Last138,104,B,74
student138@mail.com,First138,Last138,102,B,72
student138@mail.com,First138,Last138,103,B,70
student139@mail.com,First139,Last139,104,A,81
student139@mail.com,First139,Last139,103,B,74
student139@mail.com,First139,Last139,102,B,77
student139@mail.com,First139,Last139,101,B,71
student140@mail.com,First140,Last140,103,F,41
student140@mail.com,First140,Last140,101,B,74
student140@mail.com,First140,Last140,104,A,82
student140@mail.com,First140,Last140,102,A,89
student141@mail.com,First141,Last141,101,B,74
student141@mail.com,First141,Last141,104,F,49
student141@mail.com,First141,Last141,103,A+,93
student141@mail.com,First141,Last141,102,C,61
student142@mail.com,First142,Last142,101,D,51
student142@mail.com,First142,Last142,104,A+,97
student142@mail.com,First142,Last142,103,B,70
student142@mail.com,First142,Last142,102,F,40
student143@mail.com,First143,Last143,103,B,79
student143@mail.com,First143,Last143,101,B,75
student143@mail.com,First143,Last143,102,B,79
student143@mail.com,First143,Last143,104,A+,95
student144@mail.com,First144,Last144,103,B,72
student144@mail.com,First144,Last144,101,A+,98
student144@mail.com,First144,Last144,104,F,48
student144@mail.com,First144,Last144,102,D,59
student145@mail.com,First145,Last145,102,C,68
student145@mail.com,First145,Last145,101,A+,94
student145@mail.com,First145,Last145,103,A,82
student145@mail.com,First145,Last145,104,A+,91
student146@mail.com,First146,Last146,103,A+,100
student146@mail.com,First146,Last146,102,D,50
student146@mail.com,First146,Last146,104,B,70
student146@mail.com,First146,Last146,101,A,86
student147@mail.com,First147,Last147,103,B,72
student147@mail.com,First147,Last147,101,A+,94
student147@mail.com,First147,Last147,104,A+,91
student147@mail.com,First147,Last147,102,A,80
student148@mail.com,First148,Last148,103,D,54
student148@mail.com,First148,Last148,102,D,54
student148@mail.com,First148,Last148,104,A,86
student148@mail.com,First148,Last148,101,D,59
student149@mail.com,First149,Last149,103,A+,96
student149@mail.com,First149,Last149,104,A+,93
student149@mail.com,First149,Last149,101,D,56
student149@mail.com,First149,Last149,102,F,46
student150@mail.com,First150,Last150,103,A,81
student150@mail.com,First150,Last150,101,D,57
student150@mail.com,First150,Last150,104,C,66
student150@mail.com,First150,Last150,102,A+,91
student151@mail.com,First151,Last151,104,D,58
student151@mail.com,First151,Last151,101,F,41
student151@mail.com,First151,Last151,102,C,66
student151@mail.com,First151,Last151,103,D,58
student152@mail.com,First152,Last152,103,C,66
student152@mail.com,First152,Last152,104,B,77
student152@mail.com,First152,Last152,102,A,86
student152@mail.com,First152,Last152,101,D,58
student153@mail.com,First153,Last153,104,D,56
student153@mail.com,First153,Last153,102,C,62
student153@mail.com,First153,Last153,101,C,67
student153@mail.com,First153,Last153,103,D,58
student154@mail.com,First154,Last154,104,A+,90
student154@mail.com,First154,Last154,103,C,65
student154@mail.com,First154,Last154,102,C,66
student154@mail.com,First154,Last154,101,D,54
student155@mail.com,First155,Last155,104,A,81
student155@mail.com,First155,Last155,103,A+,99
student155@mail.com,First155,Last155,101,A,87
student155@mail.com,First155,Last155,102,A+,99
student156@mail.com,First156,Last156,104,A+,94
student156@mail.com,First156,Last156,101,A,89
student156@mail.com,First156,Last156,103,B,71
student156@mail.com,First156,Last156,102,D,59
student157@mail.com,First157,Last157,103,C,66
student157@mail.com,First157,Last157,104,F,44
student157@mail.com,First157,Last157,101,F,42
student157@mail.com,First157,Last157,102,D,51
student158@mail.com,First158,Last158,104,D,50
student158@mail.com,First158,Last158,102,F,49
student158@mail.com,First158,Last158,101,F,44
student158@mail.com,First158,Last158,103,C,67
student159@mail.com,First159,Last159,104,D,58
student159@mail.com,First159,Last159,101,A,84
student159@mail.com,First159,Last159,102,D,54
student159@mail.com,First159,Last159,103,B,74
student160@mail.com,First160,Last160,104,F,42
student160@mail.com,First160,Last160,101,A+,100
student160@mail.com,First160,Last160,102,B,77
student160@mail.com,First160,Last160,103,B,72
student161@mail.com,First161,Last161,101,A,83
student161@mail.com,First161,Last161,102,A,82
student161@mail.com,First161,Last161,103,A,86
student161@mail.com,First161,Last161,104,A,87
student162@mail.com,First162,Last162,103,A,82
student162@mail.com,First162,Last162,104,D,59
student162@mail.com,First162,Last162,101,A,84
student162@mail.com,First162,Last162,102,F,47
student163@mail.com,First163,Last163,101,D,58
student163@mail.com,First163,Last163,103,C,64
student163@mail.com,First163,Last163,104,C,64
student163@mail.com,First163,Last163,102,F,42
student164@mail.com,First164,Last164,104,B,79
student164@mail.com,First164,Last164,102,B,71
student164@mail.com,First164,Last164,101,C,67
student164@mail.com,First164,Last164,103,C,69
student165@mail.com,First165,Last165,103,C,64
student165@mail.com,First165,Last165,104,D,59
student165@mail.com,First165,Last165,102,A,84
student165@mail.com,First165,Last165,101,A+,91
student166@mail.com,First166,Last166,102,A+,94
student166@mail.com,First166,Last166,104,A,86
student166@mail.com,First166,Last166,101,A,83
student166@mail.com,First166,Last166,103,A+,92
student167@mail.com,First167,Last167,101,A,83
student167@mail.com,First167,Last167,104,F,45
student167@mail.com,First167,Last167,102,D,51
student167@mail.com,First167,Last167,103,A,85
student168@mail.com,First168,Last168,104,D,50
student168@mail.com,First168,Last168,103,A,86
student168@mail.com,First168,Last168,102,A,80
student168@mail.com,First168,Last168,101,D,59
student169@mail.com,First169,Last169,102,F,46
student169@mail.com,First169,Last169,104,F,47
student169@mail.com,First169,Last169,101,A+,96
student169@mail.com,First169,Last169,103,A+,90
student170@mail.com,First170,Last170,101,D,58
student170@mail.com,First170,Last170,103,F,46
student170@mail.com,First170,Last170,102,A+,96
student170@mail.com,First170,Last170,104,B,70
student171@mail.com,First171,Last171,101,A+,92
student171@mail.com,First171,Last171,102,A,82
student171@mail.com,First171,Last171,104,C,60
student171@mail.com,First171,Last171,103,F,40
student172@mail.com,First172,Last172,102,C,61
student172@mail.com,First172,Last172,103,C,68
student172@mail.com,First172,Last172,104,B,72
student172@mail.com,First172,Last172,101,F,42
student173@mail.com,First173,Last173,103,F,42
student173@mail.com,First173,Last173,102,A+,97
student173@mail.com,First173,Last173,101,F,43
student173@mail.com,First173,Last173,104,A+,95
student174@mail.com,First174,Last174,101,C,66
student174@mail.com,First174,Last174,102,A,86
student174@mail.com,First174,Last174,104,C,65
student174@mail.com,First174,Last174,103,A+,93
student175@mail.com,First175,Last175,103,A+,90
student175@mail.com,First175,Last175,102,A+,98
student175@mail.com,First175,Last175,101,B,75
student175@mail.com,First175,Last175,104,D,54
student176@mail.com,First176,Last176,104,A+,93
student176@mail.com,First176,Last176,103,C,69
student176@mail.com,First176,Last176,102,A+,100
student176@mail.com,First176,Last176,101,A+,98
student177@mail.com,First177,Last177,101,F,49
student177@mail.com,First177,Last177,104,D,56
student177@mail.com,First177,Last177,102,C,61
student177@mail.com,First177,Last177,103,B,71
student178@mail.com,First178,Last178,104,A+,100
student178@mail.com,First178,Last178,102,C,60
student178@mail.com,First178,Last178,101,B,75
student178@mail.com,First178,Last178,103,B,76
student179@mail.com,First179,Last179,104,D,54
student179@mail.com,First179,Last179,101,A,87
student179@mail.com,First179,Last179,103,A,82
student179@mail.com,First179,Last179,102,B,71
student180@mail.com,First180,Last180,103,D,55
student180@mail.com,First180,Last180,102,A+,97
student180@mail.com,First180,Last180,101,C,61
student180@mail.com,First180,Last180,104,C,68
student181@mail.com,First181,Last181,101,B,74
student181@mail.com,First181,Last181,102,D,54
student181@mail.com,First181,Last181,103,A,80
student181@mail.com,First181,Last181,104,B,74
student182@mail.com,First182,Last182,104,C,63
student182@mail.com,First182,Last182,102,D,51
student182@mail.com,First182,Last182,103,A+,95
student182@mail.com,First182,Last182,101,C,62
student183@mail.com,First183,Last183,103,D,59
student183@mail.com,First183,Last183,102,F,48
student183@mail.com,First183,Last183,101,C,62
student183@mail.com,First183,Last183,104,D,59
student184@mail.com,First184,Last184,103,D,51
student184@mail.com,First184,Last184,101,A,87
student184@mail.com,First184,Last184,102,F,44
student184@mail.com,First184,Last184,104,A+,93
student185@mail.com,First185,Last185,101,D,50
student185@mail.com,First185,Last185,103,F,43
student185@mail.com,First185,Last185,102,C,69
student185@mail.com,First185,Last185,104,D,52
student186@mail.com,First186,Last186,102,A,82
student186@mail.com,First186,Last186,101,C,62
student186@mail.com,First186,Last186,104,C,64
student186@mail.com,First186,Last186,103,D,59
student187@mail.com,First187,Last187,103,D,55
student187@mail.com,First187,Last187,102,B,76
student187@mail.com,First187,Last187,104,C,67
student187@mail.com,First187,Last187,101,A,80
student188@mail.com,First188,Last188,104,C,64
student188@mail.com,First188,Last188,102,A,80
student188@mail.com,First188,Last188,103,C,65
student188@mail.com,First188,Last188,101,B,77
student189@mail.com,First189,Last189,103,B,79
student189@mail.com,First189,Last189,102,D,53
student189@mail.com,First189,Last189,101,F,40
student189@mail.com,First189,Last189,104,D,58
student190@mail.com,First190,Last190,101,C,65
student190@mail.com,First190,Last190,102,D,51
student190@mail.com,First190,Last190,104,A,84
student190@mail.com,First190,Last190,103,F,49
student191@mail.com,First191,Last191,103,B,74
student191@mail.com,First191,Last191,104,D,54
student191@mail.com,First191,Last191,101,A+,92
student191@mail.com,First191,Last191,102,A+,94
student192@mail.com,First192,Last192,101,B,79
student192@mail.com,First192,Last192,103,C,66
student192@mail.com,First192,Last192,102,A+,97
student192@mail.com,First192,Last192,104,C,66
student193@mail.com,First193,Last193,102,A+,92
student193@mail.com,First193,Last193,104,F,44
student193@mail.com,First193,Last193,101,A+,90
student193@mail.com,First193,Last193,103,A+,94
student194@mail.com,First194,Last194,101,B,71
student194@mail.com,First194,Last194,102,A,85
student194@mail.com,First194,Last194,103,C,61
student194@mail.com,First194,Last194,104,C,69
student195@mail.com,First195,Last195,104,A+,95
student195@mail.com,First195,Last195,101,F,43
student195@mail.com,First195,Last195,102,F,41
student195@mail.com,First195,Last195,103,F,40
student196@mail.com,First196,Last196,102,A+,93
student196@mail.com,First196,Last196,104,A+,92
student196@mail.com,First196,Last196,101,F,41
student196@mail.com,First196,Last196,103,D,55
student197@mail.com,First197,Last197,102,A+,97
student197@mail.com,First197,Last197,103,A,81
student197@mail.com,First197,Last197,101,C,69
student197@mail.com,First197,Last197,104,F,42
student198@mail.com,First198,Last198,103,A,80
student198@mail.com,First198,Last198,101,B,76
student198@mail.com,First198,Last198,104,F,46
student198@mail.com,First198,Last198,102,B,74
student199@mail.com,First199,Last199,102,D,57
student199@mail.com,First199,Last199,101,F,48
student199@mail.com,First199,Last199,103,B,74
student199@mail.com,First199,Last199,104,D,59
student200@mail.com,First200,Last200,104,B,70
student200@mail.com,First200,Last200,102,C,62
student200@mail.com,First200,Last200,103,B,70
student200@mail.com,First200,Last200,101,D,56
student201@mail.com,First201,Last201,103,A+,96
student201@mail.com,First201,Last201,102,B,72
student201@mail.com,First201,Last201,104,F,49
student201@mail.com,First201,Last201,101,A,89
student202@mail.com,First202,Last202,102,A+,94
student202@mail.com,First202,Last202,103,F,43
student202@mail.com,First202,Last202,104,A+,94
student202@mail.com,First202,Last202,101,C,68
student203@mail.com,First203,Last203,101,C,60
student203@mail.com,First203,Last203,104,C,60
student203@mail.com,First203,Last203,103,A+,99
student203@mail.com,First203,Last203,102,C,64
student204@mail.com,First204,Last204,103,A+,97
student204@mail.com,First204,Last204,102,B,72
student204@mail.com,First204,Last204,101,A+,92
student204@mail.com,First204,Last204,104,B,74
student205@mail.com,First205,Last205,104,B,70
student205@mail.com,First205,Last205,103,D,51
student205@mail.com,First205,Last205,102,A+,92
student205@mail.com,First205,Last205,101,B,79
student206@mail.com,First206,Last206,104,A,87
student206@mail.com,First206,Last206,103,D,52
student206@mail.com,First206,Last206,102,C,62
student206@mail.com,First206,Last206,101,C,65
student207@mail.com,First207,Last207,102,A,85
student207@mail.com,First207,Last207,101,F,41
student207@mail.com,First207,Last207,103,A+,99
student207@mail.com,First207,Last207,104,A+,100
student208@mail.com,First208,Last208,103,A,83
student208@mail.com,First208,Last208,101,A+,98
student208@mail.com,First208,Last208,102,A+,92
student208@mail.com,First208,Last208,104,A+,94
student209@mail.com,First209,Last209,101,A,89
student209@mail.com,First209,Last209,102,F,44
student209@mail.com,First209,Last209,103,B,70
student209@mail.com,First209,Last209,104,F,45
student210@mail.com,First210,Last210,104,B,74
student210@mail.com,First210,Last210,103,A+,97
student210@mail.com,First210,Last210,101,C,67
student210@mail.com,First210,Last210,102,A,82
student211@mail.com,First211,Last211,103,B,76
student211@mail.com,First211,Last211,101,A,87
student211@mail.com,First211,Last211,104,A+,92
student211@mail.com,First211,Last211,102,F,47
student212@mail.com,First212,Last212,101,D,56
student212@mail.com,First212,Last212,104,A+,95
student212@mail.com,First212,Last212,103,A+,93
student212@mail.com,First212,Last212,102,A+,96
student213@mail.com,First213,Last213,104,A+,93
student213@mail.com,First213,Last213,101,A+,93
student213@mail.com,First213,Last213,102,B,72
student213@mail.com,First213,Last213,103,B,77
student214@mail.com,First214,Last214,101,D,50
student214@mail.com,First214,Last214,102,D,53
student214@mail.com,First214,Last214,103,A+,100
student214@mail.com,First214,Last214,104,A+,100
student215@mail.com,First215,Last215,102,F,46
student215@mail.com,First215,Last215,104,F,48
student215@mail.com,First215,Last215,101,C,60
student215@mail.com,First215,Last215,103,F,43
student216@mail.com,First216,Last216,103,F,41
student216@mail.com,First216,Last216,104,B,70
student216@mail.com,First216,Last216,101,D,57
student216@mail.com,First216,Last216,102,A,89
student217@mail.com,First217,Last217,102,A+,91
student217@mail.com,First217,Last217,103,D,52
student217@mail.com,First217,Last217,101,F,49
student217@mail.com,First217,Last217,104,B,71
student218@mail.com,First218,Last218,103,A+,100
student218@mail.com,First218,Last218,102,B,77
student218@mail.com,First218,Last218,101,F,45
student218@mail.com,First218,Last218,104,C,67
student219@mail.com,First219,Last219,102,C,62
student219@mail.com,First219,Last219,101,A,87
student219@mail.com,First219,Last219,104,F,46
student219@mail.com,First219,Last219,103,C,61
student220@mail.com,First220,Last220,103,B,77
student220@mail.com,First220,Last220,104,A,82
student220@mail.com,First220,Last220,102,B,76
student220@mail.com,First220,Last220,101,C,69
student221@mail.com,First221,Last221,101,D,51
student221@mail.com,First221,Last221,102,D,54
student221@mail.com,First221,Last221,103,F,49
student221@mail.com,First221,Last221,104,A,88
student222@mail.com,First222,Last222,104,D,53
student222@mail.com,First222,Last222,103,C,63
student222@mail.com,First222,Last222,102,B,75
student222@mail.com,First222,Last222,101,F,47
student223@mail.com,First223,Last223,104,C,67
student223@mail.com,First223,Last223,101,C,64
student223@mail.com,First223,Last223,102,D,59
student223@mail.com,First223,Last223,103,D,52
student224@mail.com,First224,Last224,104,A+,94
student224@mail.com,First224,Last224,103,A,84
student224@mail.com,First224,Last224,102,C,68
student224@mail.com,First224,Last224,101,B,70
student225@mail.com,First225,Last225,104,C,67
student225@mail.com,First225,Last225,101,C,65
student225@mail.com,First225,Last225,102,C,67
student225@mail.com,First225,Last225,103,C,68
student226@mail.com,First226,Last226,101,A,89
student226@mail.com,First226,Last226,104,A,82
student226@mail.com,First226,Last226,102,B,76
student226@mail.com,First226,Last226,103,A+,97
student227@mail.com,First227,Last227,103,A,89
student227@mail.com,First227,Last227,102,C,61
student227@mail.com,First227,Last227,104,D,51
student227@mail.com,First227,Last227,101,A+,99
student228@mail.com,First228,Last228,102,C,63
student228@mail.com,First228,Last228,101,C,63
student228@mail.com,First228,Last228,104,F,46
student228@mail.com,First228,Last228,103,B,75
student229@mail.com,First229,Last229,104,D,57
student229@mail.com,First229,Last229,103,F,42
student229@mail.com,First229,Last229,101,C,60
student229@mail.com,First229,Last229,102,F,47
student230@mail.com,First230,Last230,103,B,74
student230@mail.com,First230,Last230,101,F,44
student230@mail.com,First230,Last230,104,C,66
student230@mail.com,First230,Last230,102,B,72
student231@mail.com,First231,Last231,103,A+,92
student231@mail.com,First231,Last231,102,A,84
student231@mail.com,First231,Last231,104,D,50
student231@mail.com,First231,Last231,101,F,46
student232@mail.com,First232,Last232,104,F,40
student232@mail.com,First232,Last232,102,B,79
student232@mail.com,First232,Last232,103,D,53
student232@mail.com,First232,Last232,101,A,87
student233@mail.com,First233,Last233,104,A,82
student233@mail.com,First233,Last233,103,A+,91
student233@mail.com,First233,Last233,102,A,89
student233@mail.com,First233,Last233,101,B,72
student234@mail.com,First234,Last234,102,A+,98
student234@mail.com,First234,Last234,103,D,52
student234@mail.com,First234,Last234,104,F,45
student234@mail.com,First234,Last234,101,D,52
student235@mail.com,First235,Last235,103,B,72
student235@mail.com,First235,Last235,104,C,63
student235@mail.com,First235,Last235,101,C,66
student235@mail.com,First235,Last235,102,A,88
student236@mail.com,First236,Last236,104,F,41
student236@mail.com,First236,Last236,103,F,46
student236@mail.com,First236,Last236,101,F,47
student236@mail.com,First236,Last236,102,B,71
student237@mail.com,First237,Last237,104,A,82
student237@mail.com,First237,Last237,103,A+,94
student237@mail.com,First237,Last237,101,C,62
student237@mail.com,First237,Last237,102,A,80
student238@mail.com,First238,Last238,103,A+,100
student238@mail.com,First238,Last238,101,D,57
student238@mail.com,First238,Last238,102,F,43
student238@mail.com,First238,Last238,104,D,50
student239@mail.com,First239,Last239,103,F,41
student239@mail.com,First239,Last239,102,B,73
student239@mail.com,First239,Last239,101,A+,97
student239@mail.com,First239,Last239,104,B,70
student240@mail.com,First240,Last240,102,A+,94
student240@mail.com,First240,Last240,103,A,82
student240@mail.com,First240,Last240,104,F,41
student240@mail.com,First240,Last240,101,A,85
student241@mail.com,First241,Last241,104,F,49
student241@mail.com,First241,Last241,101,A,80
student241@mail.com,First241,Last241,103,B,74
student241@mail.com,First241,Last241,102,C,69
student242@mail.com,First242,Last242,103,F,47
student242@mail.com,First242,Last242,102,C,64
student242@mail.com,First242,Last242,104,D,54
student242@mail.com,First242,Last242,101,C,60
student243@mail.com,First243,Last243,102,B,77
student243@mail.com,First243,Last243,101,A+,95
student243@mail.com,First243,Last243,103,A,86
student243@mail.com,First243,Last243,104,D,58
student244@mail.com,First244,Last244,102,A+,91
student244@mail.com,First244,Last244,103,D,52
student244@mail.com,First244,Last244,101,A+,95
student244@mail.com,First244,Last244,104,C,63
student245@mail.com,First245,Last245,101,D,54
student245@mail.com,First245,Last245,102,A+,99
student245@mail.com,First245,Last245,104,D,59
student245@mail.com,First245,Last245,103,F,46
student246@mail.com,First246,Last246,104,A+,98
student246@mail.com,First246,Last246,101,A+,100
student246@mail.com,First246,Last246,103,A,84
student246@mail.com,First246,Last246,102,F,44
student247@mail.com,First247,Last247,102,C,66
student247@mail.com,First247,Last247,101,A+,98
student247@mail.com,First247,Last247,104,B,71
student247@mail.com,First247,Last247,103,A,89
student248@mail.com,First248,Last248,102,A,87
student248@mail.com,First248,Last248,101,F,47
student248@mail.com,First248,Last248,104,F,44
student248@mail.com,First248,Last248,103,A,82
student249@mail.com,First249,Last249,103,A+,98
student249@mail.com,First249,Last249,104,D,58
student249@mail.com,First249,Last249,102,B,73
student249@mail.com,First249,Last249,101,F,47
